"CPF","NOME","ENDERECO1","ENDERECO2","BAIRRO","CIDADE","ESTADO","CEP","IDADE","SEXO","LIMITE_CREDITO","VOLUME_COMPRA","PRIMEIRA_COMPRA","DT_NASCIMENTO"
"00381353803",FELIPE PERDIGÃO ANDRADE,"PRAÇA SANTOS DUMONT, n.472","AVENIDA GERMANO DIX, n.119",VILA MARIETA,ITAÍ ,GOIÁS,"89832838",37,F,1841.17,3412.2,0,"1987-01-31"
"01129529360",LUARA MARCELA TOMÉ DA SILVA FÉLIX,"CAMINHO DOS BEIJA-FLORES, n.88","ALAMEDA CABRIUVAS, n.210",VILA PROOST DE SOUSA,IBERTIOGA ,RONDÔNIA,"96771158",45,M,4658.6,2915.39,1,"1978-11-08"
"01307433768",DANIELLA OLIVEIRA SILVA,"AVENIDA DOUTOR IVO XAVIER FERREIRA, n.164","ALAMEDA MASCARENHAS DE MORAES, n.429",JARDIM CONCEIÇÃO,ITAGIBÁ ,BAHIA,"21364895",60,F,1159.13,2359.13,0,"1963-07-25"
"01420356482",ALESSANDRA SANTOS OLIVEIRA BERNARDES,"AVENIDA SANTO FERRARI, n.421","AVENIDA DUQUE DE CAXIAS NORTE, n.286",PARQUE DA HÍPICA,ITAIÓPOLIS ,PARANÁ,"53303946",29,F,3333.14,3019.36,0,"1995-04-11"
"03038889107",FERNANDA CRISTINA DA CUNHA,"ALAMEDA DAS SAMAMBAIAS, n.223","PRAÇA CAJUEIROS, n.139",JARDIM PRIMAVERA,BARROSO ,MATO GROSSO DO SUL,"50359872",55,F,2689.78,1825.26,0,"1968-05-04"
"04482353276",TAINARA ANGELA MONTEIRO DA SILVA,"RUA ALÉCIO ADANI, n.20","ESTRADA AGUAÍ-PIRASSUNUNGA SP - 225, n.97",PARQUE OZIEL,JOSÉ GONÇALVES DE MINAS ,PARANÁ,"66329675",36,M,4940.55,378.18,1,"1987-08-14"
"04624723644",SHIRLEI SILVA FELIPE,"PRAÇA PALMEIRAS, n.185","AVENIDA MARGINAL, n.345",JARDIM GUARANI,MOREILÂNDIA ,MATO GROSSO,"84556726",67,M,2183.69,1637.19,1,"1956-10-05"
"04887209425",VALÉRIA GARCIA SILVA,"ALAMEDA DAS CABRIUVAS, n.371","ALAMEDA DAS SAMAMBAIAS, n.445",PARQUE OZIEL,PAULISTAS ,CEARÁ,"33804350",60,F,4381.27,1542.7,1,"1963-07-13"
"04982068881",LUCIANA ANDRE,"ALAMEDA DOS CORIMBATAS, n.463","PRAÇA VIEIRA DE MORAES, n.178",VILA MIMOSA,JAGUAQUARA ,RIO GRANDE DO SUL,"43584700",74,M,1141.0,2408.69,1,"1949-10-11"
"05568427448",ADRIANO SALES DA SILVA,"RUA ACÁCIAS, n.274","ALAMEDA HORTÊNCIAS, n.141",RESIDENCIAL CAMPO FLORIDO,ITACOATIARA ,SERGIPE,"05825884",66,M,2933.51,4698.08,1,"1957-12-10"
"05797054598",CÉLIA REGINA SALMIN,"AVENIDA PRUDENTE DE MORAES, n.414","ALAMEDA DAS ARAUCÁRIAS, n.324",JARDIM BOM RETIRO,ITINGA ,RIO GRANDE DO NORTE,"78719656",49,F,4919.65,1293.43,0,"1974-07-01"
"06230040385",IVANETE JOSÉFA DA SILVA MATOS,"AVENIDA SANTO FERRARI, n.301","PRAÇA CAJUEIROS, n.152",PARQUE SÃO MARTINHO,CATUJI ,TOCANTINS,"35472054",71,F,2348.24,2728.96,0,"1953-04-14"
"06324298433",MIRIÃ CONCEIÇÃO SILVA,"ALAMEDA MASCARENHAS DE MORAES, n.23","AVENIDA CAETANO DENOFRIO, n.363",NOVA CAMPINAS,AJURICABA ,PARANÁ,"77365447",35,M,1144.53,2639.88,1,"1988-08-05"
"07069142994",ÁGATHA AGNELLO,"AVENIDA JOSIAS DE OLIVEIRA, n.366","ALAMEDA DOS JEQUITIBÁS, n.314",PARQUE CIDADE DE CAMPINAS,MESSIAS TARGINO ,RIO GRANDE DO SUL,"06994485",64,F,4621.28,1574.46,1,"1959-09-14"
"07628761583",LUCÉLIA APARECIDA DA SILVA DOS SANTOS LIMA,"LADEIRA FELIPE, n.458","AVENIDA DUQUE DE CAXIAS NORTE, n.11",PARQUE DOS POMARES,CAETANÓPOLIS ,RORAIMA,"01171471",39,M,2728.28,3289.17,1,"1984-10-24"
"07677747877",JESSICA SOARES CARDOSO,"CAMINHO SERIEMAS, n.290","RUA AFFONSO BAPTISTA, n.454",JARDIM MARISA,FRANCISCO DUMONT ,SÃO PAULO,"52048306",53,F,2275.83,1831.78,0,"1971-03-05"
"07797636263",CLAUDIANA DOS ANJOS MELO,"ALAMEDA BEM-TE-VI, n.469","ALAMEDA AÇUCENAS, n.77",VILA MIGUEL VICENTE CURY,NOVA LONDRINA ,PARANÁ,"71671241",58,F,4875.47,1305.69,0,"1965-11-11"
"07962105189",SOLANGE PEREIRA DE OLIVEIRA,"ALAMEDA FIGUEIRAS, n.297","ALAMEDA CAIAPÓS, n.495",JARDIM MADALENA,NOVA ESPERANÇA DO SUDOESTE ,ALAGOAS,"60324326",62,M,4691.07,3561.03,0,"1961-08-29"
"09760173151",ALEX MAIA SANCHEZ,"PRAÇA DOS BANDEIRANTES, n.6","AVENIDA FERRARI, n.143",JARDIM PAULISTANO,ESPÍRITO SANTO DO DOURADO ,SÃO PAULO,"51983794",61,F,1130.03,1372.7,0,"1963-01-07"
"11028600183",VIVIANE TEIXEIRA SANTOS,"ALAMEDA DOS CAIAPÓS, n.188","AVENIDA JUCA COSTA, n.289",PARQUE SÃO JORGE,TRÊS PONTAS ,SANTA CATARINA,"35498382",79,M,1370.02,2328.77,1,"1944-08-03"
"12016342596",ANDREIA FERNANDES DE JESUS,"ALAMEDA TENENTE FRANCO DA SILVEIRA, n.82","AVENIDA PADRE LEO LUNDERS, n.192",JARDIM CARLOS LOURENÇO,PLANALTO DA SERRA ,ALAGOAS,"87010274",28,F,3519.47,3318.61,0,"1995-09-27"
"12036703036",ALINE LUCIO PORTO DA SILVA,"PRAÇA BANDEIRANTES, n.465","AVENIDA FERRARI, n.269",JARDIM NOVA MERCEDES,LINS ,MATO GROSSO DO SUL,"93240383",43,F,1689.34,1135.03,0,"1981-02-11"
"12301720568",RENATA APARECIDA ALVES SIMÃO,"ALAMEDA ANDORINHA, n.397","ALAMEDA HORTÊNCIAS, n.253",JARDIM NOVO SÃO JOSÉ,BREJO DE AREIA ,ESPÍRITO SANTO,"72835529",38,M,1915.98,1353.38,1,"1985-05-14"
"12914226109",MELISSA DE ALMEIDA SOUZA,"RODOVIA ANHANGUERA, n.28","CAMINHO BICUDOS, n.415",RESIDENCIAL SHANGRILÁ,RIACHO FRIO ,SERGIPE,"57273370",67,M,3948.42,2089.58,0,"1956-11-25"
"13060608254",NARRIMAN CHAGAS GONÇALVES,"RUA ALCEBIADES BORTOLINI, n.30","AVENIDA PAINGUÁS, n.431",JARDIM ESTORIL,DENISE ,PARAÍBA,"61363922",36,F,4799.84,3575.09,1,"1987-08-13"
"13576347846",MARIA DO SOCORRO LIMA,"ALAMEDA FLAMBOYANS, n.451","CAMINHO SERIEMAS, n.237",JARDIM AURÉLIA,BARRA MANSA ,ACRE,"39467063",63,M,3523.45,2134.55,1,"1960-07-19"
"13614473711",FABIANO APARECIDO DOS SANTOS,"PRAÇA CONSELHEIRO ANTÔNIO PRADO, n.452","CAMINHO DOS BEM-TE-VIS, n.229",VILA LEMOS,HORIZONTE ,PARANÁ,"77723974",26,M,2529.48,4692.29,0,"1998-04-06"
"13676470328",AMANDA THAYARA DE SOUZA GOUVEIA,"ALAMEDA PINHEIROS, n.122","RODOVIA PREFEITO EUBERTO NEMÉSIO PEREIRA DE GODOY, n.286",JARDIM SÃO FERNANDO,PALMARES DO SUL ,ACRE,"00018844",66,M,1877.62,1336.47,0,"1958-04-05"
"14351609121",RENATA EVELYN NUNES,"ALAMEDA DAS MARGARIDAS, n.76","RUA 15 DE NOVEMBRO, n.309",JARDIM SANTA MÔNICA,MUTUÍPE ,PARANÁ,"64916464",30,F,2003.9,3054.4,1,"1993-12-14"
"14355163787",ROSA ALVES DE SENA PAIVA,"ALAMEDA DAS MARGARIDAS, n.157","CAMINHO BEM-TE-VIS, n.201",SÃO BERNARDO,SANTANA DE PARNAÍBA ,MATO GROSSO,"57696950",50,M,3289.67,3669.86,0,"1973-06-22"
"18508092482",PATRICIA LOPES GOMES,"ALAMEDA DOS FAVEIROS, n.174","ALAMEDA JEQUITIBÁS, n.188",JARDIM FERNANDA I,PUREZA ,MARANHÃO,"29001641",68,F,2925.5,600.28,0,"1955-09-27"
"19143865567",LILIAN DIAS MARTINS,"CAMINHO DOS CURIÓS, n.245","AVENIDA ACADÊMICOS, n.312",JARDIM INTERLAGOS,BOA VISTA DO SUL ,RONDÔNIA,"59743908",36,F,4616.31,4564.57,1,"1988-01-23"
"19281777210",FERNANDA DOS SANTOS SOLLER,"PRAÇA BELARMINO DEL NERO, n.457","ALAMEDA DAS ARAUCÁRIAS, n.360",JARDIM DO LAGO II,DIAMANTE D'OESTE ,RIO DE JANEIRO,"33502866",36,F,2813.94,2402.86,0,"1987-05-31"
"19363514721",ELAINE ALVES PEREIRA,"AVENIDA DAS NAÇÕES, n.387","ALAMEDA DOS TAMÔIOS, n.119",JARDIM DO TREVO,MACAU ,MATO GROSSO DO SUL,"58429583",22,F,3281.76,3078.53,1,"2001-11-22"
"19506084335",MAICON NOGUEIRA DA SILVA,"CAMINHO DOS CANÁRIOS DA TERRA, n.373","PRAÇA PALMEIRAS, n.440",JARDIM CHAPADÃO,IGARAPÉ-MIRI ,RIO GRANDE DO NORTE,"06089622",65,F,4275.83,119.1,0,"1958-07-16"
"19560322362",MARIA NOELIA LOBO DA SILVA,"PRAÇA DOS BANDEIRANTES, n.270","ALAMEDA AÇUCENAS, n.124",JARDIM MADALENA,BOA VIAGEM ,AMAZONAS,"18557922",29,F,4585.52,1897.02,1,"1994-05-24"
"21322097962",JULIANA CRISTINA ELISEO GARCIA,"ALAMEDA PINHEIROS, n.474","RUA ACÁCIAS, n.461",VILA IAPI,FEIRA NOVA ,PARAÍBA,"17334450",76,F,2500.47,2560.23,0,"1947-12-22"
"22674780452",ANA PAULA DA CONCEIÇÃO,"RUA ALMIRO GODINHO, n.170","RUA ALFREDO BIANCO, n.308",NOTRE DAME,FLORÂNIA ,RORAIMA,"27309714",58,M,3809.11,4537.56,1,"1966-03-04"
"23038692836",SONIA SALGUEIRO DE OLIVEIRA,"ALAMEDA FRANCO DA SILVEIRA, n.101","ALAMEDA SIBIPIRUNAS, n.118",VILA SÃO BENTO,COREAÚ ,SANTA CATARINA,"01960984",42,M,2607.82,627.51,1,"1981-11-12"
"23201392669",LUSINEIDE ALVES DE LIMA,"AVENIDA GERMANO DIX, n.87","AVENIDA DOS ACADÊMICOS, n.98",JARDIM SÃO RAFAEL,SETUBINHA ,RIO GRANDE DO SUL,"93189822",43,M,3343.06,4982.0,1,"1980-05-10"
"23343501756",JOEL NATAL MANCINI,"ALAMEDA DOS BANDEIRANTES, n.97","RUA ACÁCIAS, n.97",VILA NOVA,NOVA SANTA HELENA ,PERNAMBUCO,"79148890",70,M,2242.33,3222.04,1,"1953-06-10"
"24256713314",AUDENICE MARIA QUIRINO CAVALCANTI FEITOSA,"ALAMEDA DOS CAIAPÓS, n.217","AVENIDA LUIZ BRANCODE MIRANDA SOBRINHO, n.52",JARDIM CAMPO BELO II,ANALÂNDIA ,RIO GRANDE DO NORTE,"40592640",60,M,4516.56,2003.27,1,"1964-02-18"
"24480005194",SHIRLY RAQUEL COELHO QUINZINHO,"CAMINHO GARÇAS, n.327","AVENIDA JOSÉ MANOEL RIBEIRO, n.188",JARDIM DAS OLIVEIRAS,PETROLINA DE GOIÁS ,ALAGOAS,"60649724",48,F,1814.62,4061.01,0,"1975-07-14"
"25073346509",GABRIELA RODRIGUES GONÇALVES,"PRAÇA ANCHIETA, n.170","ALAMEDA SIBIPIRUNAS, n.203",PARQUE SANTA BÁRBARA,CONCEIÇÃO DA BARRA ,RONDÔNIA,"95882003",78,M,4876.56,777.61,1,"1945-12-18"
"25529833842",ELMA MOREIRA DA SILVA NEVES,"ALAMEDA DOS JEQUITIBÁS, n.67","CAMINHO CANÁRIOS DA TERRA, n.450",LOTEAMENTO CENTER SANTA GENEBRA,SÃO LUÍS GONZAGA DO MARANHÃO ,PARÁ,"27598571",56,M,4984.75,3503.34,0,"1967-08-09"
"25644867758",VITOR DOS SANTOS SOTTILE,"ALAMEDA UIRAPURU, n.232","AVENIDA DAS NAÇÕES, n.453",VILA PROOST DE SOUSA,CAUCAIA ,PIAUÍ,"88576188",55,M,1521.43,3049.98,0,"1968-08-30"
"26672512941",THAIS MAYRA DA SILVA SANTOS,"ALAMEDA JEQUITIBÁS, n.41","ALAMEDA SABIÁS, n.415",JARDIM CHAPADÃO,JACINTO MACHADO ,SERGIPE,"88893786",28,F,3029.86,886.45,0,"1996-04-08"
"27187983037",ADRIANA CAPELI RIBEIRO,"ALAMEDA DOS CAETÉS, n.321","CAMINHO BEIJA-FLORES, n.126",VILA MARTA,CABECEIRAS ,AMAZONAS,"94950877",51,M,3874.81,2598.76,0,"1972-04-29"
"27541533890",KAREN APARECIDA CONCEIÇÃO SOUZA,"AVENIDA JOSÉ XAVIER DE SOUZA, n.78","RUA 15 DE NOVEMBRO, n.474",JARDIM SANTA CRUZ,MARITUBA ,MARANHÃO,"89460562",40,F,3257.01,1548.49,0,"1983-12-30"
"28020460537",WILLIAM PIVA MARCELINO,"ESTRADA AGUAI PIRASSUNUNGA SP 225, n.455","PRAÇA SANTO ANTÔNIO, n.286",VILA OROZIMBO MAIA,PALMÓPOLIS ,AMAZONAS,"59924653",26,F,3460.47,2915.72,1,"1997-07-20"
"28312603856",ELTON XAVIER,"CAMINHO CARDEAIS, n.228","ALAMEDA ACÁCIAS, n.42",JARDIM MONTE BELO II,BODOCÓ ,GOIÁS,"04773695",33,M,1517.75,123.89,1,"1990-05-04"
"28599107100",MARCIA REGINA PIRES DE LIMA SILVA,"RUA AFONSO GUIMARÃES, n.207","ALAMEDA DOS FLAMBOYANS, n.68",JARDIM SANTA MARCELINA,MAUÉS ,PERNAMBUCO,"86671920",54,M,4046.59,4167.4,1,"1969-07-26"
"29083516700",NILZA DE SOUSA SANTANA,"CAMINHO BEIJA-FLORES, n.454","ALAMEDA DAS SIBIPIRUNAS, n.473",JARDIM PAULISTANO,AUGUSTINÓPOLIS ,BAHIA,"06712692",27,M,4904.94,1776.53,1,"1996-08-22"
"29932885109",MARIA JOSINETE LAU CAVALCANTE,"RUA AFONSO GUIMARÃES, n.195","ALAMEDA CORIMBATAS, n.32",JARDIM DO LAGO I,CRATEÚS ,SANTA CATARINA,"17399955",55,F,3772.54,376.2,1,"1968-12-29"
"31327744675",ANA PAULA ARAUJO DE LIMA SALES,"CAMINHO DAS GARÇAS, n.59","AVENIDA PADRE ANTÔNIO VANN ESS, n.418",PARQUE SÃO JORGE,ORIXIMINÁ ,ESPÍRITO SANTO,"77196893",55,F,1035.55,3338.89,0,"1968-05-07"
"31464471247",RENATA CARVALHO DOS SANTOS,"PRAÇA ANCHIETA, n.393","AVENIDA NAÇÕES, n.118",JARDIM FERNANDA II,PEDRO ALEXANDRE ,CEARÁ,"71348676",67,M,1231.83,1308.44,0,"1956-11-30"
"31822975527",NAIARA CARDEAL SANTOS,"AVENIDA NAÇÕES, n.62","RUA ALBERTINA DE SOUZA AGUIAR, n.130",PARQUE DA HÍPICA,SERRINHA ,ALAGOAS,"27363684",49,F,2756.58,3293.73,0,"1974-06-29"
"32385395853",ROSEMEIRE SILVA DE OLIVEIRA,"AVENIDA ÂNGELO BRUNO, n.158","ALAMEDA DAS CABRIUVAS, n.220",JARDIM SANTA MÔNICA,ACRELÂNDIA ,RONDÔNIA,"86563854",56,M,3266.77,2042.59,0,"1968-04-19"
"32946120743",MARINES PEREIRA PONCIANO DE FIGUEIREDO,"ALAMEDA PAINEIRAS, n.320","CAMINHO DAS SERIEMAS, n.484",VILA COSTA E SILVA,BOA VISTA ,RONDÔNIA,"12905711",75,M,1902.45,4805.31,0,"1948-09-10"
"32971585981",VANESSA ALESSANDRA LIMA MANOEL,"RUA ALBERTINA DE SOUZA AGUIAR, n.400","PRAÇA VIEIRA DE MORAES, n.157",JARDIM NOVO SÃO JOSÉ,TRAIRI ,MINAS GERAIS,"93045449",73,F,2292.23,4439.54,0,"1950-11-08"
"33029794906",CIBELY GALVÃO,"RUA ALFREDO IGLESIAS DA SILVA, n.39","RUA ALFREDO BIANCO, n.267",VILA SÃO BENTO,CACEQUI ,ACRE,"34048470",55,F,3701.48,4983.24,1,"1968-08-08"
"34250348399",VANESSA ALEXANDRE DO NASCIMENTO BONONI,"RODOVIA ANHANGUERA, n.489","ALAMEDA ANDORINHA, n.220",JARDIM PARANAPANEMA,MORRO DA FUMAÇA ,RONDÔNIA,"07465539",23,F,2802.61,346.46,1,"2000-07-05"
"34807092472",DANIELA FLOR LOPES PEREIRA,"ALAMEDA FAVEIROS, n.325","AVENIDA JOAQUIM DUARTE DE OLIVEIRA, n.127",VILA 31 DE MARÇO,ABADIA DOS DOURADOS ,BAHIA,"18365057",58,M,1317.65,181.07,1,"1966-04-16"
"35694375576",LUANA PATRICIO PORTELA DA SILVA,"PRAÇA BEL DEL NERO, n.382","ALAMEDA CORIMBATAS, n.25",JARDIM SÃO PEDRO,PARAÍSO ,MINAS GERAIS,"50860814",56,F,2727.02,1779.0,0,"1967-12-15"
"36736563140",LUÍS HENRIQUE GARCIA SILVA,"AVENIDA SANTO FERRARI, n.373","AVENIDA LEO LUNDERS, n.258",PARQUE TAQUARAL,SERRA NOVA DOURADA ,BAHIA,"79223517",48,F,3757.68,4524.16,0,"1975-12-30"
"37057245656",GRAZIELE CORREA PEREIRA,"ALAMEDA TAMÔIOS, n.289","ALAMEDA DOS TAMÔIOS, n.403",VILA IAPI,BACABAL ,RIO GRANDE DO NORTE,"30361132",23,F,3959.5,3894.57,0,"2000-10-04"
"37502418238",PATRICIA SANTOS SOUZA,"ALAMEDA AÇUCENAS, n.409","ALAMEDA JEQUITIBÁS, n.53",CIDADE JARDIM,BOMBINHAS ,PIAUÍ,"69659098",20,F,2264.6,4502.33,1,"2003-05-06"
"38070856394",CAIO BARBOSA DE ALMEIDA,"AVENIDA JOAQUIM DUARTE DE OLIVEIRA, n.31","PRAÇA DAS LARANJEIRAS, n.225",VILA MARTA,MONTE DO CARMO ,RIO GRANDE DO NORTE,"84345663",66,F,3624.71,4268.48,0,"1958-02-15"
"38337446031",BEATRIZ GONÇALVES DA SILVA,"PRAÇA IPÊS, n.112","AVENIDA PADRE ANTÔNIO VANN ESS, n.301",VILA MARIETA,CAPITÃO DE CAMPOS ,RIO GRANDE DO NORTE,"27455225",79,M,4904.89,3768.19,0,"1945-01-12"
"39026121286",VIVIANE PERGER MENDES DE SOUZA,"RUA ALÉCIO ADANI, n.217","AVENIDA AMÉRICA DO SUL, n.302",JARDIM DAS ANDORINHAS,SANTO AMARO DA IMPERATRIZ ,PARAÍBA,"56253094",64,M,2625.77,3084.09,1,"1959-05-31"
"39274739123",FERNANDA DE OLIVEIRA ALMEIDA PINTO,"AVENIDA PRESIDENTE MÉDICI, n.294","PRAÇA BEL DEL NERO, n.112",RESIDENCIAL CAMPO FLORIDO,MACHADINHO ,ESPÍRITO SANTO,"63789946",59,F,3128.32,2980.53,0,"1964-08-08"
"39434665890",ANDRÉIA BETAS CULLER,"RUA ADOLPHO TRAPANI, n.25","RUA ALCEBIADES BORTOLINI, n.483",JARDIM DAS OLIVEIRAS,ÁGUA FRIA DE GOIÁS ,PARÁ,"64533607",78,F,4048.7,4859.67,0,"1946-02-01"
"40382571903",ANDRÉIA DE LIMA,"PRAÇA FERNANDO, n.100","CAMINHO DOS BEIJA-FLORES, n.91",JARDIM MONTE BELO II,ÁGUA NOVA ,PARÁ,"48465164",34,M,3171.66,4767.2,1,"1989-07-01"
"40626898222",BRUNA APARECIDA PINA,"ALAMEDA DOS JEQUITIBÁS, n.85","RUA 13 DE MAIO, n.105",PARQUE BRASÍLIA,GAURAMA ,PERNAMBUCO,"12944984",40,M,2506.97,3648.95,1,"1984-03-13"
"40762709379",SANISA GONÇALVES ROSA,"RUA ALVARO BARBOSA, n.496","CAMINHO BEIJA-FLORES, n.65",BANANAL,LIDIANÓPOLIS ,ACRE,"59299027",29,F,2701.22,4667.64,0,"1995-02-07"
"41545136046",LÍLIAN ROCHA FUGII,"AVENIDA CAXIAS NORTE, n.434","AVENIDA MARECHAL JOSÉ P. C. ALBUQUERQUE, n.311",JARDIM BELA VISTA,CARAÁ ,SÃO PAULO,"66085448",34,F,4090.11,620.38,0,"1989-10-31"
"41549308980",DANIELE DE JESUS NUNES,"RUA ACÁCIO DOS SANTOS JÚNIOR, n.385","ALAMEDA DOS TAMÔIOS, n.259",PARQUE INDUSTRIAL,CORDEIRO ,MATO GROSSO,"27773725",70,M,1059.39,1441.89,0,"1953-07-05"
"42411114228",ALINE ANDRADE DE OLIVEIRA,"ESTRADA LEVY RAMOS, n.258","LADEIRA FELIPE, n.236",CHÁCARA GARGANTILHA,MONTE BELO ,MATO GROSSO DO SUL,"25560735",21,F,4293.67,724.31,1,"2003-02-27"
"42660427544",CLAUDINEIA MENDES OLIVEIRA,"CAMINHO GUARÁS, n.247","AVENIDA ALFIO SAVASTANO, n.324",CHÁCARA GARGANTILHA,OUROLÂNDIA ,RONDÔNIA,"37615806",52,F,1825.25,3391.29,0,"1971-07-15"
"42756979855",DÉCIO DA SILVA LIRA,"PRAÇA BANDEIRANTES, n.126","ALAMEDA GERÃNIOS, n.388",PARQUE DOS CISNES,SANTA HELENA ,SANTA CATARINA,"21252934",39,M,3732.45,1640.04,0,"1984-11-04"
"43081467862",MARIA JOSÉ DA SILVA CORRÊA,"PRAÇA ANTÔNIO, n.140","AVENIDA ANTÔNIO VANN ESS, n.373",VILA SÃO BENTO,JUAZEIRINHO ,RIO DE JANEIRO,"56322635",66,M,1124.97,242.4,1,"1958-02-20"
"44356335334",ADRIANA PEREIRA,"ESTRADA LEVY RAMOS, n.445","AVENIDA JOAQUIM CRISTÓVÃO, n.54",JARDIM PARANAPANEMA,PLANALTINO ,PARANÁ,"08623960",52,M,3504.03,888.31,1,"1971-12-03"
"44422975884",DAIANE DE OLIVEIRA CAVALCANTE,"ALAMEDA FIGUEIRAS, n.161","PRAÇA DOS IPÊS, n.417",JARDIM NOVA EUROPA,CAMPOS SALES ,PERNAMBUCO,"09124237",41,M,1226.72,3754.93,0,"1982-07-08"
"44493496667",MARGARETE ALVES,"ALAMEDA DAS SERINGUEIRAS, n.320","ALAMEDA SAMAMBAIAS, n.239",JARDIM DO LAGO I,SENADOR GEORGINO AVELINO ,MATO GROSSO,"23102223",68,M,2429.63,736.26,1,"1955-07-12"
"44875487164",THIAGO GOMES BRANDÃO,"AVENIDA JOSÉ P. C. ALBUQUERQUE, n.418","ALAMEDA SAMAMBAIAS, n.228",JARDIM NOVA EUROPA,BERTÓPOLIS ,PARAÍBA,"83553171",23,M,2876.59,3771.49,1,"2001-01-27"
"45190227954",VANUSA CRISTINA SIQUEIRA,"AVENIDA JOSIAS DE OLIVEIRA, n.233","ALAMEDA DAS ACÁCIAS, n.178",CIDADE JARDIM,TREMEDAL ,RONDÔNIA,"94082819",79,M,4334.28,4667.14,1,"1944-08-03"
"45452461597",BIANCA LOBO NASCIMENTO,"ALAMEDA DAS FIGUEIRAS, n.149","AVENIDA TENENTE OLYMPIO GUIGUER, n.22",JARDIM LEONOR,SÃO MIGUEL DO GUAMÁ ,RORAIMA,"62720805",28,M,2810.25,3007.42,0,"1995-11-26"
"45687389420",LETÍCIA DE LEMOS GUIMARÃES,"ALAMEDA PINHEIROS, n.45","PRAÇA ANCHIETA, n.470",PARQUE SÃO QUIRINO,IPUAÇU ,SÃO PAULO,"71695876",36,F,2583.85,1393.33,0,"1987-05-24"
"46814894363",CLEUZA LUIZA LOPES,"ALAMEDA UIRAPURU, n.26","AVENIDA ANTÔNIO VANN ESS, n.241",JARDIM NEW YORK (OU NOVA IORQUE),MIMOSO DO SUL ,SANTA CATARINA,"65412616",48,F,1866.55,1578.64,1,"1975-05-29"
"47040447037",MARIA DA CONCEIÇÃO DA SILVA NASCIMENTO,"PASSEIO PIONEIROS, n.287","ALAMEDA DAS PAINEIRAS, n.301",VILA MARIA[4],VICENTINÓPOLIS ,SERGIPE,"10473991",39,F,3701.01,4596.94,1,"1984-11-27"
"47912836898",ADRIANO BISPO MERGULHÃO,"AVENIDA DAS FLORES, n.117","AVENIDA ALFIO SAVASTANO, n.131",JARDIM MARISA,SÃO MATEUS DO MARANHÃO ,AMAZONAS,"71354813",63,M,1853.73,3349.69,0,"1960-05-28"
"49589986726",JOYCE DOS SANTOS CLAUDINO,"PRAÇA PALMEIRAS, n.433","PRAÇA DOS IPÊS, n.466",PARQUE TAQUARAL,ECOPORANGA ,MATO GROSSO DO SUL,"14520845",57,F,3670.94,1757.71,0,"1966-06-22"
"50143430490",MARIA CRISTIANE ARAÚJO BARROS,"ALAMEDA DAS CABRIUVAS, n.451","RODOVIA ANHANGUERA, n.218",JARDIM PROFESSORA TARCILLA,MATO QUEIMADO ,AMAZONAS,"39238522",48,M,4352.05,1655.3,1,"1975-04-29"
"50633593250",CLAUDIA HELENA MONTANHEIRO SILVA,"ALAMEDA DAS NOGUEIRAS, n.28","ALAMEDA DAS AÇUCENAS, n.293",VILA LEMOS,BALNEÁRIO PIÇARRAS ,PIAUÍ,"36074024",76,M,2628.24,2204.58,1,"1947-12-24"
"51008836960",ADRIANO DONIZETTE DOS SANTOS,"RUA ALBERTINA DE SOUZA AGUIAR, n.192","ALAMEDA SABIÁS, n.438",PARQUE SHANGRILÁ[2][3],PASSO DE TORRES ,RORAIMA,"26028422",54,F,2859.16,2994.33,0,"1969-12-11"
"51710015270",TATIANE FREITAS PENIDES DA COSTA,"ALAMEDA CÔNEGO FRANCISCO CRUZ, n.191","RUA ALBINO BARBIRATO, n.322",VILA IAPI,AMÉRICO DE CAMPOS ,MATO GROSSO,"12539698",28,F,1540.8,4959.38,0,"1996-02-04"
"52082818979",LEILIANE LOPES GONÇALVES,"ALAMEDA CANÁRIO, n.279","RUA ALCEBIADES BORTOLINI, n.409",JARDIM SANTA CRUZ,CAUCAIA ,PARÁ,"20007566",20,F,1363.35,1985.43,0,"2003-06-24"
"52281161535",CRISTHIANNY APARECIDA SILVA LIMA,"ALAMEDA DOS JEQUITIBÁS, n.262","AVENIDA ANTÔNIO VANN ESS, n.455",VILA BOA VISTA,XAMBRÊ ,PARANÁ,"98590253",33,M,1794.09,1175.57,1,"1990-10-05"
"52438751536",NIGERIA BEZERRA DO CARMO,"ALAMEDA SAMAMBAIAS, n.94","CAMINHO SERIEMAS, n.61",GUANABARA,LEME ,AMAPÁ,"30333459",33,M,2026.61,2416.03,1,"1991-03-14"
"52644570400",DIANA CARLA VIEIRA BULHO,"AVENIDA ATALIBA PENTEADO, n.500","AVENIDA LEO LUNDERS, n.450",JARDIM CAMPINAS,BATAYPORÃ ,DISTRITO FEDERAL,"64278914",28,M,4579.81,4819.62,1,"1995-05-30"
"52684707234",MANUEL JORGE PEDREIRA,"CAMINHO BICUDOS, n.296","ALAMEDA MANACÁS, n.197",JARDIM PROFESSORA TARCILLA,DIVINÓPOLIS DO TOCANTINS ,RIO DE JANEIRO,"59338939",22,M,3971.33,4985.68,1,"2001-05-19"
"52992305305",PALOMA FERREIRA SOBREIRA XAVIER,"AVENIDA DAS NAÇÕES, n.433","AVENIDA LUIZ BRANCODE MIRANDA SOBRINHO, n.340",PARQUE TAQUARAL,RIO SONO ,PIAUÍ,"72526290",26,M,2398.27,689.03,1,"1997-11-13"
"53390152147",EDUARDO ALMEIDA MANHA,"ALAMEDA MARGARIDAS, n.271","ALAMEDA GARDÊNIAS, n.238",JARDIM AURÉLIA,FLORIANO PEIXOTO ,ALAGOAS,"59615694",26,F,3105.74,544.62,0,"1997-12-03"
"53975309560",MARIA LEUDA DA CONCEIÇÃO,"AVENIDA JOSÉ MANOEL RIBEIRO, n.169","AVENIDA NAÇÕES, n.236",JARDIM CHAPADÃO,TRACUATEUA ,MATO GROSSO,"28838256",36,F,4816.22,1830.05,1,"1988-02-18"
"54203484825",CASSIA APARECIDA SILVA,"RUA ALCEBIADES BORTOLINI, n.94","RUA AFONSO GRISI, n.71",JARDIM PLANALTO,COXIXOLA ,SÃO PAULO,"94336741",27,F,2828.73,3856.32,1,"1997-02-14"
"54213323700",SUELI TAVARES DO ROSÁRIO,"RUA ALÉCIO ADANI, n.6","CAMINHO DOS CURIÓS, n.176",PARQUE DOS POMARES,SÃO JOÃO DO TIGRE ,ACRE,"66179710",23,M,3069.87,2391.06,1,"2000-11-20"
"55614569375",JÉSSICA DA SILVA ARAÚJO,"CAMINHO DOS CARDEAIS, n.108","AVENIDA MÉDICI, n.448",JARDIM CONCEIÇÃO,CARIRIAÇU ,RONDÔNIA,"70508754",25,M,3679.2,3806.84,0,"1998-04-18"
"55684099365",JOSILENE PEREIRA DE SOUZA,"RUA ALCEBIADES BORTOLINI, n.238","AVENIDA ATALIBA PENTEADO, n.476",JARDIM SÃO CARLOS,SARAPUÍ ,PERNAMBUCO,"82413307",60,M,1251.07,2568.26,1,"1963-08-08"
"55730104874",MILIANE DE OLIVEIRA MENDES RAMOS,"PRAÇA CAJUEIROS, n.50","PRAÇA LARANJEIRAS, n.30",JARDIM CAMPINAS,DERRUBADAS ,DISTRITO FEDERAL,"14933823",22,M,2243.6,3730.94,0,"2001-06-06"
"56665957592",NÍZIA FLORESTA DE OLIVEIRA SOUSA,"ALAMEDA ARAUCÁRIAS, n.69","ALAMEDA CARLOS F. GRUNINGER, n.301",PARQUE SÃO JORGE,ITAGUATINS ,TOCANTINS,"58263325",38,M,4220.45,4663.58,1,"1985-11-07"
"57999503748",NATALIA MOTA PEREIRA,"ALAMEDA BEM-TE-VI, n.391","AVENIDA DAS FLORES, n.53",JARDIM MARISA,ISRAELÂNDIA ,PARAÍBA,"27023581",42,M,4435.69,4889.46,0,"1981-08-09"
"58228568586",VALQUIRIA AMÉLIA BARBOSA,"RUA ALVARO BARBOSA, n.170","RUA AFFONSO BAPTISTA, n.374",JARDIM SÃO PEDRO,FORMIGUEIRO ,RONDÔNIA,"50590495",42,M,2273.48,3957.55,1,"1981-05-03"
"58699872017",FANNY DE PINHO BURATO,"AVENIDA DOUTOR IVO XAVIER FERREIRA, n.343","RODOVIA EUBERTO NEMÉSIO PEREIRA DE GODOY, n.87",VILA GÊNESIS,FORTALEZA DOS NOGUEIRAS ,PARANÁ,"87012689",40,F,3264.31,2690.19,0,"1983-08-20"
"58783502465",ELAINE HONÓRIO SANTOS,"RUA 7 DE SETEMBRO, n.334","RODOVIA EUBERTO NEMÉSIO PEREIRA DE GODOY, n.64",JARDIM OURO BRANCO,SERINGUEIRAS ,MATO GROSSO,"22496455",23,M,2617.14,1187.71,0,"2000-09-26"
"59393835906",DEISE FERREIRA SILVA,"ALAMEDA DOS CORIMBATAS, n.383","CAMINHO DOS BEIJA-FLORES, n.367",JARDIM PACAEMBU,CARAPICUÍBA ,RIO GRANDE DO SUL,"24635634",66,M,1072.72,4273.53,0,"1958-01-17"
"59472731245",JOSIANE DE OLIVEIRA NASCIMENTO,"RUA ALBERTINA DE SOUZA AGUIAR, n.346","PASSEIO DOS PIONEIROS, n.451",PARQUE SÃO JORGE,UBAITABA ,MARANHÃO,"64314369",65,M,3095.79,131.29,1,"1958-11-21"
"60516736615",CRISTIANE APARECIDA SALUSTIANO SILVA,"ALAMEDA DOS GUARANIS, n.135","ALAMEDA AÇUCENAS, n.281",SÃO BERNARDO,BALNEÁRIO ARROIO DO SILVA ,PIAUÍ,"42950088",44,F,3684.78,1482.04,0,"1980-01-03"
"60969908513",LAURA ROA DE ALMEIDA,"RUA ALMIRO GODINHO, n.206","PRAÇA FERNANDO COSTA, n.212",VILA AUROCAN,VITÓRIA DE SANTO ANTÃO ,MARANHÃO,"57405510",80,M,4888.5,4259.95,1,"1943-06-27"
"61574454550",MONIQUE RODRIGUES FERNANDES,"RUA 7 DE SETEMBRO, n.340","ESTRADA LEVY RAMOS, n.4",VILA NOVA,ITAMBARACÁ ,RIO GRANDE DO SUL,"80615820",27,M,1810.24,3676.27,1,"1996-12-07"
"63951210804",NATÁLIA DE OLIVEIRA REQUENA,"ALAMEDA SIBIPIRUNAS, n.391","RUA ÁLVARO BARBOSA, n.168",JARDIM AURÉLIA,ABELARDO LUZ ,SANTA CATARINA,"73706887",56,F,2496.95,842.0,1,"1967-12-18"
"64747591176",MAYRA PACHECO,"ESTRADA AGUAI PIRASSUNUNGA SP 225, n.3","AVENIDA TENENTE OLYMPIO GUIGUER, n.496",MANSÕES SANTO ANTÔNIO,JUNQUEIRÓPOLIS ,GOIÁS,"68898656",40,F,3569.33,560.26,0,"1983-05-17"
"64851491675",JÉSSICA ABIGAIL LAGARES SANTOS,"CAMINHO SERIEMAS, n.287","RUA ALÉCIO ADANI, n.236",JARDIM FERNANDA II,SERICITA ,ACRE,"11600509",62,F,3613.21,258.03,1,"1962-03-07"
"65461908595",JESSICA FRANÇA OLIVEIRA,"AVENIDA DOS ACADÊMICOS, n.92","ALAMEDA DOS CORIMBATAS, n.306",VILA TEIXEIRA,SÃO FRANCISCO ,TOCANTINS,"04745657",27,M,2619.06,4568.6,0,"1996-11-19"
"65955354699",GYOVANNA RAQUEL COELHO QUINZINHO,"CAMINHO DAS GARÇAS, n.13","ALAMEDA DOS TAMÔIOS, n.148",JARDIM DAS PALMEIRAS,MATINHAS ,DISTRITO FEDERAL,"22560820",55,F,2421.83,304.11,1,"1968-11-02"
"67386379226",ARIANE MATHIAS,"RUA ADOLPHO TRAPANI, n.452","AVENIDA JOSÉ P. C. ALBUQUERQUE, n.109",VILA FORMOSA,SÃO JOÃO DE IRACEMA ,BAHIA,"65851193",47,M,1311.33,2422.34,1,"1976-08-02"
"67483249548",MARIA RODRIGUES DA SILVA,"AVENIDA ANTÔNIO JOAQUIM MENDES, n.367","AVENIDA PAINGUÁS, n.301",VILA GÊNESIS,FRANCISCO DANTAS ,DISTRITO FEDERAL,"49432934",59,F,3628.78,2508.22,1,"1964-05-29"
"67941502084",GREICE QUELE ALVES DOS SANTOS,"PRAÇA SANTOS DUMONT, n.394","AVENIDA PRESIDENTE MÉDICI, n.329",JARDIM ITAIÚ,SÃO JOSÉ DO INHACORÁ ,SERGIPE,"61844790",71,F,2670.18,3336.18,0,"1953-01-08"
"68264647704",KEYRIS COELHO DE SOUZA,"ALAMEDA UIRAPURU, n.85","AVENIDA JOAQUIM DUARTE DE OLIVEIRA, n.433",ALTO DO TAQUARAL,SÃO JOÃO DA BOA VISTA ,DISTRITO FEDERAL,"83757960",33,F,3366.06,3666.28,1,"1990-08-10"
"69524516875",TAYNARA SOUZA NASCIMENTO SILVA,"CAMINHO DOS BICUDOS, n.334","ALAMEDA DOS MANACÁS, n.176",JARDIM PACAEMBU,CHUPINGUAIA ,DISTRITO FEDERAL,"01955488",35,F,4055.07,3620.11,0,"1988-08-26"
"70018935035",PATRICIA MERCEDES MANOEL VASCONCELOS,"AVENIDA MIGUEL ÂNGELO DEVITTE, n.477","ALAMEDA UIRAPURU, n.273",VILA MIMOSA,MARAJÁ DO SENA ,AMAZONAS,"68456890",76,M,1365.93,2803.19,1,"1947-12-10"
"70682094660",ANGELA MARIA DA SILVA DANTAS,"ALAMEDA BEIJA-FLOR, n.239","PRAÇA DOS BANDEIRANTES, n.85",RECANTO DOS DOURADOS,SUD MENNUCCI ,AMAZONAS,"98100328",58,F,4771.09,413.55,1,"1966-03-10"
"71443816482",ROSELI CRISTINA DA CUNHA OLIVEIRA,"ALAMEDA CURIÓ, n.304","ALAMEDA CABRIUVAS, n.381",JARDIM MADALENA,ITURAMA ,ACRE,"82686576",74,F,2514.44,4778.52,1,"1950-04-01"
"71790961360",ADRIANA BERNARDES,"AVENIDA FLORES, n.400","AVENIDA TENENTE OLYMPIO GUIGUER, n.75",VILA CAMPOS SALES,AVELINO LOPES ,ESPÍRITO SANTO,"77607371",62,F,3629.78,2924.57,0,"1962-04-09"
"71853467832",GEDSON ROCHA VASCONCELOS,"PRAÇA FERNANDO, n.177","ALAMEDA DOS CORIMBATAS, n.317",GUANABARA,JUAZEIRO ,GOIÁS,"87707477",42,M,2362.77,4475.41,0,"1981-04-30"
"72027857566",PATRICIA ALMEIDA DOS SANTOS,"ALAMEDA DOS MANACÁS, n.280","ALAMEDA BOTAFOGO, n.366",JARDIM SÃO FERNANDO,SUMÉ ,ESPÍRITO SANTO,"63845519",26,F,2445.7,3471.19,0,"1997-06-14"
"72120164369",BARBARA RAMOS DE CARVALHO,"AVENIDA PADRE LEO LUNDERS, n.475","ALAMEDA CABRIUVAS, n.5",JARDIM NOSSA SENHORA AUXILIADORA,CASTANHEIRA ,PARÁ,"80702269",74,F,4390.51,4196.7,1,"1949-08-26"
"72402799170",MARIA APARECIDA DE OLIVEIRA,"AVENIDA ATALIBA PENTEADO, n.52","RUA ALAN KARDEC, n.143",JARDIM SANTA MÔNICA,POÇO DAS ANTAS ,ALAGOAS,"75651732",54,M,2128.41,4155.76,0,"1969-12-23"
"73411979882",SILVIA CALAZANS DE SOUZA ALBUQUERQUE,"PRAÇA IPÊS, n.77","ALAMEDA MARECHAL MASCARENHAS DE MORAES, n.325",PARQUE JAMBEIRO,TUPIRAMA ,PERNAMBUCO,"39944702",29,F,1507.16,3648.28,0,"1994-09-19"
"74406217987",VANESSA POUSEIRO DA SILVA,"AVENIDA ACÁCIO HONDA, n.334","ALAMEDA FLAMBOYANS, n.110",JARDIM PLANALTO,TEREZINHA ,SÃO PAULO,"06699128",64,M,2799.38,3223.65,1,"1959-05-23"
"74515235423",LUCIANA OLIVEIRA DOMINGUES,"ALAMEDA DOS PINHEIROS, n.172","ALAMEDA MANACÁS, n.276",JARDIM SANTA JUDITH,CUNHATAÍ ,PARÁ,"04130742",70,M,3911.32,4976.83,0,"1954-03-04"
"74733970520",ROSEMEIRE APARECIDA ALVES MEDEIROS,"ALAMEDA DAS ARAUCÁRIAS, n.68","AVENIDA LEO LUNDERS, n.241",JARDIM DO VOVÔ,TUPARETAMA ,CEARÁ,"99169524",56,F,4811.72,1608.08,1,"1967-09-08"
"75039137541",PRISCILA MALTEZ SOBRINHO,"PRAÇA SÃO FERNANDO, n.422","RUA ALAN KARDEC, n.134",JARDIM AURÉLIA,PASSA QUATRO ,AMAPÁ,"86821000",49,M,2041.27,506.6,0,"1974-11-22"
"75612834501",CAUÊ PRADO TEIXEIRA,"ALAMEDA DOS TAMÔIOS, n.294","PRAÇA DOS IPÊS, n.376",VILA 31 DE MARÇO,JAPORÃ ,SERGIPE,"55542715",27,M,1907.93,3228.24,0,"1996-09-14"
"75849240706",CAROLINA ARAÚJO DE ALMEIDA,"ALAMEDA AÇUCENAS, n.333","CAMINHO CURIÓS, n.3",JARDIM TAMOIO,PORTO ALEGRE DO TOCANTINS ,TOCANTINS,"68852829",80,M,1539.36,3005.31,0,"1944-01-10"
"76380101315",RAYANE CORRÊA DOS SANTOS,"AVENIDA PAULO FURLAN, n.417","AVENIDA PADRE LEO LUNDERS, n.468",RESIDENCIAL PARQUE BANDEIRANTES,CEDRO DO ABAETÉ ,MATO GROSSO,"84444017",34,M,3272.34,2974.52,0,"1989-10-13"
"78963813115","43 VERDINA MIRANDA DE ALMEIDA BETTINI","AVENIDA TENENTE OLYMPIO GUIGUER, n.182","ALAMEDA DOS GERÂNIOS, n.492",SÃO BERNARDO,NARANDIBA ,SÃO PAULO,"27770343",31,F,3579.08,2182.5,0,"1992-08-30"
"81322831590",LUCILIA APARECIDA CARDOSO DA SILVA,"ALAMEDA ACÁCIAS, n.390","CAMINHO DOS BEIJA-FLORES, n.67",BONFIM,RIO BONITO ,PIAUÍ,"91367001",28,F,3357.93,1353.48,0,"1995-08-25"
"81549137222",EFIGENIA DA SILVA COSTA,"AVENIDA DAS FLORES, n.129","AVENIDA NEWTON PRADO, n.43",PARQUE CAMÉLIAS,UNIÃO DO SUL ,AMAPÁ,"29850081",27,F,1903.79,2143.58,1,"1997-01-20"
"83586921419",ALESSANDRA APARECIDA MANTOVAN DA SILVA,"RUA ALVARO BARBOSA, n.203","PRAÇA DOS BANDEIRANTES, n.231",JARDIM SANTA MARCELINA,MAGALHÃES BARATA ,CEARÁ,"01206043",53,F,3066.58,1026.2,0,"1971-01-01"
"84044123549",MIRIÃ GONÇALVES CASTELANI,"ALAMEDA MATHILDE ARAIUM, n.477","PRAÇA ANTÔNIO, n.222",JARDIM FERNANDA II,GUABIRUBA ,AMAPÁ,"43661727",75,F,3229.72,564.52,0,"1949-02-13"
"84192960117",GLAUCILENE GONÇALVES SILVA SANTOS,"AVENIDA JOSÉ POZZI, n.176","RUA ALCEBÍADES BORTOLINI, n.51",JARDIM OURO BRANCO,CACHOEIRA PAULISTA ,ACRE,"75322264",25,M,4642.28,4982.97,0,"1998-05-24"
"84248247662",MARIA CUSTODIA FERREIRA,"RUA ALFREDO BIANCO, n.466","AVENIDA SANTO FERRARI, n.244",JARDIM SÃO GABRIEL,NOVO SANTO ANTÔNIO ,SÃO PAULO,"70351774",42,F,3142.15,503.0,0,"1981-05-25"
"85763149512",JUSSARA OLIVEIRA DA SILVA,"ALAMEDA DOS CAIAPÓS, n.194","ALAMEDA PINHEIROS, n.66",JARDIM GUARANI,RODEIRO ,RIO GRANDE DO SUL,"20836839",71,M,3334.94,3149.86,0,"1952-05-02"
"85803933489",JANAINA DIAS DO NASCIMENTO,"PRAÇA DAS LARANJEIRAS, n.312","AVENIDA PESCADORES, n.311",JARDIM PACAEMBU,ITANHÉM ,SÃO PAULO,"22600129",48,M,3170.48,197.74,0,"1975-09-18"
"88423874608",MARIA APARECIDA PERGER MENDES,"AVENIDA NAÇÕES, n.452","AVENIDA TENENTE OLYMPIO GUIGUER, n.57",PARQUE PRADO,CORONEL JOÃO PESSOA ,SANTA CATARINA,"38587210",33,M,3660.6,4461.29,1,"1990-10-01"
"88990615666",GABRIELE CHAGAS DE SOUZA,"PRAÇA DAS LARANJEIRAS, n.223","AVENIDA ATALIBA PENTEADO, n.3",CHÁCARA PRIMAVERA,BEQUIMÃO ,MATO GROSSO,"52228678",76,F,1043.95,919.09,0,"1947-09-14"
"89675396716",DÉBORA CAVALCANTE PEREIRA,"PASSEIO PIONEIROS, n.27","AVENIDA MARECHAL JOSÉ P. C. ALBUQUERQUE, n.355",PONTE PRETA,BELA CRUZ ,MATO GROSSO,"26469564",65,F,4330.38,4210.49,0,"1958-07-14"
"90012835347",MARINA BARRETO WEBER,"AVENIDA OLYMPIO GUIGUER, n.28","AVENIDA PADRE LEO LUNDERS, n.181",JARDIM PAULISTANO,CASIMIRO DE ABREU ,PERNAMBUCO,"32740141",67,M,2739.88,4508.03,0,"1956-07-26"
"91882835062",GRAZIELA REGINA SIBUCKS,"CAMINHO DAS GARÇAS, n.473","ALAMEDA DOS FLAMBOYANS, n.38",CAMPO DOS AMARAIS,JARDIM ,RORAIMA,"63822693",68,M,3518.17,3561.17,0,"1955-09-19"
"92005710052",EDINA CRISTHINA DA SILVA FERREIRA,"ALAMEDA DAS HORTÊNCIAS, n.275","ALAMEDA ARAUCÁRIAS, n.22",JARDIM LEONOR,SANTA RITA DE MINAS ,PARÁ,"31199014",76,M,3649.29,4852.23,0,"1948-03-16"
"92894184554",JENNIFFER MALUF ALBINO,"PASSEIO DOS PIONEIROS, n.366","ALAMEDA DOS GUARANIS, n.7",JARDIM DAS PALMEIRAS,SANTA RITA DO TOCANTINS ,ACRE,"87326428",47,M,1156.65,808.02,1,"1976-06-06"
"94366223191",HILDA REIS MANTOVAN,"ALAMEDA DOS CAETÉS, n.318","AVENIDA ÂNGELO BRUNO, n.156",JARDIM CARLOS LOURENÇO,SANTA CLARA DO SUL ,MATO GROSSO DO SUL,"53474306",23,M,1506.49,1318.11,1,"2000-12-15"
"97750271224",EDSON HIROAKI WATABE,"PRAÇA DOS BANDEIRANTES, n.347","AVENIDA JOAQUIM DUARTE DE OLIVEIRA, n.168",PARQUE OZIEL,BACURITUBA ,PARANÁ,"02038306",53,F,2768.68,1709.21,1,"1971-01-22"
"97839347790",ROSENI MARQUES LOBATO,"ALAMEDA MARGARIDAS, n.48","AVENIDA IVO XAVIER FERREIRA, n.350",JARDIM SÃO FERNANDO,FARO ,RIO GRANDE DO SUL,"98704061",77,F,1705.89,3528.9,1,"1946-06-26"
"98813084228",MELISSA EMÍDIO DA SILVA DE CARVALHO,"ALAMEDA JACARANDÁS, n.32","RUA AFONSO GUIMARÃES, n.413",PARQUE PRADO,SANTA CLARA D'OESTE ,CEARÁ,"50644912",34,F,4654.67,1444.25,1,"1989-09-16"
